#ITEMS_CATEG	different	same
1034	0.9024807046	0.8723216465
2943	0.7986852233	0.8559050532
12354	0.7123971714	0.7633391863
13093	0.9152832557	0.8056457719
15796	0.7940809924	0.7881008107
15964	0.8301170977	0.8084494938