#ITEMS_CATEG	different	same
1034	0.7270849374	0.8318529229
2943	0.7653119012	0.8106448832
12354	0.7230658463	0.8086287842
13093	0.8082677271	0.837444031
15796	0.8946494579	0.8313636612
15964	0.9242806025	0.8292864773